1254,Abies balsamea,,0
556,Abies concolor,,1
1580,Abies grandis,,2
796,Abronia latifolia,,3
324,Abronia maritima,,4
1154,Abronia umbellata,,5
225,Abronia villosa,,6
636,Abutilon theophrasti,,7
1939,Acacia farnesiana,,8
1589,Acanthus mollis,,9
1790,Acer campestre,,10
1856,Acer circinatum,,11
1444,Acer glabrum,,12
769,Acer grandidentatum,,13
582,Acer macrophyllum,,14
2002,Acer negundo,,15
1051,Acer palmatum,,16
1811,Acer pensylvanicum,,17
1390,Acer platanoides,,18
1250,Acer pseudoplatanus,,19
398,Acer rubrum,,20
1389,Acer saccharinum,,21
767,Acer saccharum,,22
1158,Acer spicatum,,23
865,Achillea millefolium,,24
327,Achlys triphylla,,25
606,Achnatherum hymenoides,,26
1285,Achyrachaena mollis,,27
2013,Acmispon americanus,,28
959,Acmispon glaber,,29
722,Aconitum columbianum,,30
316,Actaea pachypoda,,31
267,Actaea racemosa,,32
163,Actaea rubra,,33
1290,Adenocaulon bicolor,,34
1537,Adenostoma fasciculatum,,35
812,Adiantum aleuticum,,36
1669,Adiantum capillus-veneris,,37
1744,Adiantum jordanii,,38
1891,Adiantum pedatum,,39
568,Aegopodium podagraria,,40
1039,Aesculus californica,,41
497,Aesculus glabra,,42
519,Aesculus hippocastanum,,43
2038,Aesculus pavia,,44
1988,Agalinis heterophylla,,45
1577,Agalinis purpurea,,46
1147,Agathis australis,,47
2089,Agave americana,,48
266,Agave lechuguilla,,49
1708,Ageratina adenophora,,50
1083,Ageratina altissima,,51
2082,Ailanthus altissima,,52
1763,Ajuga reptans,,53
1610,Albizia julibrissin,,54
1555,Alectryon excelsus,,55
651,Alisma plantago-aquatica,,56
2005,Alisma subcordatum,,57
1629,Alisma triviale,,58
101,Alliaria petiolata,,59
339,Allionia incarnata,,60
893,Allium canadense,,61
359,Allium cernuum,,62
1472,Allium drummondii,,63
1976,Allium tricoccum,,64
1582,Allium triquetrum,,65
1783,Allium ursinum,,66
348,Allium validum,,67
349,Allium vineale,,68
82,Allotropa virgata,,69
1246,Alnus glutinosa,,70
350,Alnus incana,,71
1892,Alnus rhombifolia,,72
1746,Alnus rubra,,73
1932,Aloe vera,,74
1963,Aloysia gratissima,,75
383,Alternanthera philoxeroides,,76
1108,Amaryllis belladonna,,77
445,Ambrosia artemisiifolia,,78
1386,Ambrosia chamissonis,,79
621,Ambrosia psilostachya,,80
362,Ambrosia salsola,,81
919,Ambrosia trifida,,82
363,Amelanchier alnifolia,,83
882,Ammophila arenaria,,84
2004,Ammophila breviligulata,,85
627,Amorpha canescens,,86
2,Amorpha fruticosa,,87
1299,Ampelopsis arborea,,88
1735,Ampelopsis brevipedunculata,,89
48,Amphiachyris dracunculoides,,90
828,Amphicarpaea bracteata,,91
428,Anacamptis morio,,92
1779,Anacamptis pyramidalis,,93
866,Anagallis arvensis,,94
868,Anaphalis margaritacea,,95
1847,Andropogon gerardii,,96
373,Andropogon glomeratus,,97
1743,Anemone acutiloba,,98
1077,Anemone americana,,99
1344,Anemone berlandieri,,100
1722,Anemone canadensis,,101
1719,Anemone hepatica,,102
1681,Anemone nemorosa,,103
1156,Anemone occidentalis,,104
840,Anemone quinquefolia,,105
465,Anemone virginiana,,106
222,Anemopsis californica,,107
2071,Angelica atropurpurea,,108
160,Angelica hendersonii,,109
960,Anisocarpus madioides,,110
379,Anoda cristata,,111
382,Anthoxanthum odoratum,,112
1880,Antigonon leptopus,,113
2046,Antirrhinum majus,,114
1264,Apios americana,,115
60,Aplectrum hyemale,,116
1591,Apocynum androsaemifolium,,117
112,Apocynum cannabinum,,118
385,Aptenia cordifolia,,119
260,Aquilegia caerulea,,120
1071,Aquilegia canadensis,,121
1848,Aquilegia formosa,,122
587,Aquilegia vulgaris,,123
853,Arabis blepharophylla,,124
1507,Aralia californica,,125
1561,Aralia nudicaulis,,126
1266,Aralia racemosa,,127
206,Aralia spinosa,,128
405,Arbutus menziesii,,129
243,Arbutus unedo,,130
649,Arbutus xalapensis,,131
1593,Arctium lappa,,132
488,Arctium minus,,133
708,Arctostaphylos glauca,,134
591,Arctostaphylos patula,,135
330,Arctostaphylos pungens,,136
549,Arctostaphylos uva-ursi,,137
1741,Arctotheca calendula,,138
1019,Argemone albiflora,,139
1414,Argemone mexicana,,140
200,Argemone munita,,141
235,Argemone ochroleuca,,142
1473,Arisaema dracontium,,143
1764,Arisaema triphyllum,,144
794,Aristolochia californica,,145
1161,Aristotelia serrata,,146
1447,Armeria maritima,,147
826,Arnoglossum plantagineum,,148
148,Artemisia californica,,149
877,Artemisia douglasiana,,150
1385,Artemisia ludoviciana,,151
1295,Artemisia pycnocephala,,152
399,Artemisia tridentata,,153
879,Artemisia vulgaris,,154
420,Arum italicum,,155
955,Arum maculatum,,156
400,Aruncus dioicus,,157
625,Arundina graminifolia,,158
1796,Arundinaria gigantea,,159
1674,Arundo donax,,160
1817,Asarum canadense,,161
881,Asarum caudatum,,162
1765,Asclepias amplexicaulis,,163
1269,Asclepias asperula,,164
1209,Asclepias cordifolia,,165
401,Asclepias curassavica,,166
303,Asclepias eriocarpa,,167
548,Asclepias exaltata,,168
1955,Asclepias fascicularis,,169
546,Asclepias incarnata,,170
1265,Asclepias latifolia,,171
1782,Asclepias linaria,,172
703,Asclepias oenotheroides,,173
1353,Asclepias perennis,,174
1671,Asclepias quadrifolia,,175
1217,Asclepias speciosa,,176
1766,Asclepias syriaca,,177
1767,Asclepias tuberosa,,178
1068,Asclepias variegata,,179
545,Asclepias verticillata,,180
705,Asclepias viridiflora,,181
842,Asclepias viridis,,182
381,Asimina triloba,,183
654,Asparagus officinalis,,184
691,Asphodelus fistulosus,,185
1616,Aspidotis densa,,186
6,Asplenium bulbiferum,,187
965,Asplenium flabellifolium,,188
86,Asplenium flaccidum,,189
1000,Asplenium oblongifolium,,190
1868,Asplenium platyneuron,,191
541,Asplenium polyodon,,192
141,Asplenium rhizophyllum,,193
684,Asplenium ruta-muraria,,194
403,Asplenium trichomanes,,195
91,Astelia fragrans,,196
839,Asyneuma prenanthoides,,197
103,Athyrium filix-femina,,198
36,Atrichoseris platyphylla,,199
1142,Atriplex canescens,,200
430,Atriplex hymenelytra,,201
184,Atriplex lentiformis,,202
628,Atriplex prostrata,,203
823,Avena fatua,,204
772,Avicennia germinans,,205
645,Baccharis halimifolia,,206
1132,Baccharis neglecta,,207
154,Baccharis pilularis,,208
126,Baccharis salicifolia,,209
281,Baccharis sarothroides,,210
437,Bacopa monnieri,,211
674,Baileya multiradiata,,212
1220,Balsamorhiza sagittata,,213
2027,Baptisia alba,,214
432,Baptisia australis,,215
562,Baptisia bracteata,,216
1771,Barbarea vulgaris,,217
1531,Beilschmiedia tawa,,218
467,Bellardia trixago,,219
1594,Bellis perennis,,220
968,Berberis aquifolium,,221
441,Berberis nervosa,,222
1974,Berberis repens,,223
290,Berberis thunbergii,,224
1997,Berberis trifoliolata,,225
443,Berberis vulgaris,,226
1300,Berchemia scandens,,227
444,Berteroa incana,,228
168,Betula alleghaniensis,,229
0,Betula lenta,,230
608,Betula nigra,,231
1087,Betula papyrifera,,232
450,Betula pendula,,233
170,Betula populifolia,,234
473,Bidens alba,,235
446,Bidens cernua,,236
1816,Bidens frondosa,,237
238,Bidens pilosa,,238
1373,Bignonia capreolata,,239
995,Bistorta bistortoides,,240
975,Blechnum chambersii,,241
1840,Blechnum discolor,,242
1721,Blechnum filiforme,,243
1824,Blechnum fluviatile,,244
2092,Blechnum novae-zelandiae,,245
1367,Blechnum penna-marina,,246
901,Blechnum procerum,,247
1520,Blechnum spicant,,248
226,Bloomeria crocea,,249
2090,Boehmeria cylindrica,,250
1100,Boerhavia coccinea,,251
712,Borago officinalis,,252
1088,Borrichia frutescens,,253
460,Bothriochloa ischaemum,,254
1114,Bothriochloa laguroides,,255
140,Botrychium dissectum,,256
464,Botrypus virginianus,,257
466,Bouteloua curtipendula,,258
275,Bouteloua dactyloides,,259
1441,Bouteloua gracilis,,260
117,Bouvardia ternifolia,,261
109,Brachyglottis repanda,,262
469,Brasenia schreberi,,263
952,Brassica nigra,,264
1008,Brassica rapa,,265
304,Brickellia californica,,266
2044,Briza maxima,,267
2047,Briza minor,,268
572,Brodiaea elegans,,269
824,Bromus diandrus,,270
825,Bromus hordeaceus,,271
233,Bromus tectorum,,272
1270,Broussonetia papyrifera,,273
481,Buddleja davidii,,274
1022,Buglossoides arvensis,,275
585,Bursera simaruba,,276
707,Butomus umbellatus,,277
699,Caesalpinia pulcherrima,,278
677,Cakile edentula,,279
852,Cakile maritima,,280
1792,Calandrinia menziesii,,281
482,Calendula officinalis,,282
706,Calla palustris,,283
9,Callicarpa americana,,284
1456,Callirhoe involucrata,,285
1600,Callirhoe pedata,,286
982,Callistemon citrinus,,287
1173,Calluna vulgaris,,288
1965,Calocedrus decurrens,,289
475,Calochortus albus,,290
1919,Calochortus amabilis,,291
1240,Calochortus leichtlinii,,292
411,Calochortus luteus,,293
261,Calochortus nuttallii,,294
485,Calochortus plummerae,,295
1584,Calochortus pulchellus,,296
228,Calochortus splendens,,297
11,Calochortus tiburonensis,,298
364,Calochortus tolmiei,,299
1662,Calochortus umbellatus,,300
1171,Calochortus venustus,,301
150,Calopogon tuberosus,,302
1806,Caltha leptosepala,,303
1800,Caltha palustris,,304
843,Calycanthus floridus,,305
1658,Calycanthus occidentalis,,306
945,Calylophus berlandieri,,307
162,Calypso bulbosa,,308
69,Calypso bulbosa occidentalis,,309
1693,Calyptocarpus vialis,,310
489,Calyptridium monospermum,,311
1433,Calystegia macrostegia,,312
27,Calystegia sepium,,313
320,Calystegia soldanella,,314
1200,Camassia quamash,,315
498,Camassia scilloides,,316
496,Camissoniopsis cheiranthifolia,,317
977,Campanula rapunculoides,,318
1223,Campanula rotundifolia,,319
1009,Campanulastrum americanum,,320
1342,Campsis radicans,,321
1175,Canna indica,,322
734,Capnoides sempervirens,,323
479,Capparis spinosa,,324
1768,Capsella bursa-pastoris,,325
1907,Capsicum annuum,,326
1032,Cardamine bulbosa,,327
672,Cardamine californica,,328
698,Cardamine concatenata,,329
1631,Cardamine diphylla,,330
679,Cardamine douglassii,,331
1678,Cardamine hirsuta,,332
1035,Cardamine impatiens,,333
1337,Cardamine pratensis,,334
1387,Cardiospermum halicacabum,,335
502,Carduus nutans,,336
909,Carduus pycnocephalus,,337
1655,Carex grayi,,338
1282,Carex intumescens,,339
74,Carex lupulina,,340
860,Carex obnupta,,341
454,Carex pensylvanica,,342
1691,Carex plantaginea,,343
1355,Carica papaya,,344
1825,Carnegiea gigantea,,345
1665,Carpinus betulus,,346
1394,Carpinus caroliniana,,347
1742,Carpobrotus chilensis,,348
34,Carpobrotus edulis,,349
470,Carpodetus serratus,,350
1405,Carya cordiformis,,351
1776,Carya glabra,,352
449,Carya illinoinensis,,353
1406,Carya ovata,,354
727,Cassiope mertensiana,,355
8,Castanea dentata,,356
1801,Castanea sativa,,357
204,Castilleja affinis,,358
1563,Castilleja chromosa,,359
253,Castilleja coccinea,,360
1845,Castilleja exserta,,361
1925,Castilleja foliolosa,,362
1319,Castilleja hispida,,363
241,Castilleja indivisa,,364
524,Castilleja miniata,,365
720,Castilleja nana,,366
43,Castilleja purpurea,,367
920,Castilleja tenuiflora,,368
1588,Catalpa speciosa,,369
1381,Catharanthus roseus,,370
1239,Caulophyllum giganteum,,371
523,Caulophyllum thalictroides,,372
1599,Ceanothus americanus,,373
1203,Ceanothus cordulatus,,374
710,Ceanothus cuneatus,,375
1273,Ceanothus herbaceus,,376
1897,Ceanothus prostratus,,377
1135,Ceanothus thyrsiflorus,,378
789,Ceanothus velutinus,,379
1354,Ceiba pentandra,,380
1821,Celastrus orbiculatus,,381
1191,Celastrus scandens,,382
2063,Celtis laevigata,,383
1434,Celtis occidentalis,,384
1145,Celtis pallida,,385
24,Cenchrus ciliaris,,386
1476,Centaurea americana,,387
1316,Centaurea calcitrapa,,388
1516,Centaurea cyanus,,389
376,Centaurea jacea,,390
129,Centaurea melitensis,,391
1819,Centaurea montana,,392
1923,Centaurea solstitialis,,393
538,Centaurea stoebe,,394
279,Centaurea stoebe micranthos,,395
1804,Centaurium erythraea,,396
2084,Centranthus ruber,,397
1180,Centrosema virginianum,,398
845,Cephalanthus occidentalis,,399
370,Cerastium arvense,,400
1021,Cerastium fontanum,,401
906,Cerastium glomeratum,,402
858,Ceratophyllum demersum,,403
1905,Cercis canadensis,,404
2091,Cercis canadensis texensis,,405
1248,Cercis occidentalis,,406
1392,Cercocarpus betuloides,,407
1168,Chaerophyllum tainturieri,,408
829,Chamaebatia foliolosa,,409
1383,Chamaecrista fasciculata,,410
175,Chamaecyparis thyoides,,411
367,Chamaedaphne calyculata,,412
1732,Chamerion angustifolium,,413
553,Chamerion latifolium,,414
531,Chasmanthium latifolium,,415
1651,Chelidonium majus,,416
76,Chelone glabra,,417
185,Chenopodium album,,418
1818,Chilopsis linearis,,419
1900,Chimaphila maculata,,420
1206,Chimaphila menziesii,,421
1205,Chimaphila umbellata,,422
1663,Chlorogalum pomeridianum,,423
245,Chondracanthus exasperatus,,424
1598,Chrysogonum virginianum,,425
1040,Chrysolepis chrysophylla,,426
1048,Chrysolepis sempervirens,,427
1882,Chylismia brevipes,,428
1490,Chylismia claviformis,,429
2041,Cichorium intybus,,430
59,Cicuta maculata,,431
1893,Circaea alpina,,432
596,Circaea lutetiana,,433
1570,Cirsium andersonii,,434
622,Cirsium arvense,,435
963,Cirsium discolor,,436
384,Cirsium horridulum,,437
270,Cirsium muticum,,438
798,Cirsium occidentale,,439
800,Cirsium occidentale venustum,,440
61,Cirsium scariosum,,441
1615,Cirsium texanum,,442
578,Cirsium undulatum,,443
908,Cirsium vulgare,,444
1228,Cissus incisa,,445
695,Cladophora columbiana,,446
1621,Clarkia amoena,,447
597,Clarkia concinna,,448
415,Clarkia purpurea,,449
1586,Clarkia rubicunda,,450
565,Clarkia unguiculata,,451
492,Claytonia caroliniana,,452
1284,Claytonia lanceolata,,453
1672,Claytonia perfoliata,,454
1657,Claytonia sibirica,,455
22,Claytonia virginica,,456
1172,Clematis drummondii,,457
165,Clematis lasiantha,,458
1517,Clematis paniculata,,459
125,Clematis pitcheri,,460
1348,Clematis terniflora,,461
1349,Clematis virginiana,,462
325,Clematis vitalba,,463
1486,Clethra alnifolia,,464
990,Clinopodium douglasii,,465
514,Clinopodium vulgare,,466
543,Clintonia andrewsiana,,467
1152,Clintonia borealis,,468
594,Clintonia uniflora,,469
78,Clitoria mariana,,470
436,Cnidoscolus texanus,,471
1236,Coccoloba uvifera,,472
1298,Cocculus carolinus,,473
2017,Cocos nucifera,,474
439,Codium fragile,,475
716,Colchicum autumnale,,476
1583,Collinsia heterophylla,,477
356,Collinsia parviflora,,478
2050,Collinsonia canadensis,,479
1120,Collomia grandiflora,,480
2024,Colocasia esculenta,,481
584,Comandra umbellata,,482
1198,Comarum palustre,,483
897,Commelina communis,,484
1079,Commelina erecta,,485
1420,Comptonia peregrina,,486
1683,Conium maculatum,,487
1366,Conocarpus erectus,,488
1834,Conocephalum conicum,,489
1091,Conoclinium coelestinum,,490
580,Conopholis alpina,,491
1930,Conopholis americana,,492
1833,Convallaria majalis,,493
687,Convolvulus arvensis,,494
1858,Convolvulus equitans,,495
312,Cooperia drummondii,,496
1281,Cooperia pedunculata,,497
88,Coprosma foetidissima,,498
1164,Coprosma grandifolia,,499
89,Coprosma lucida,,500
1542,Coprosma propinqua,,501
599,Coprosma repens,,502
1745,Coprosma rhamnoides,,503
1543,Coprosma robusta,,504
1544,Coprosma rotundifolia,,505
763,Coptis trifolia,,506
62,Corallorhiza maculata,,507
58,Corallorhiza mertensiana,,508
332,Corallorhiza striata,,509
1283,Cordia boissieri,,510
2094,Cordyline australis,,511
1541,Cordyline indivisa,,512
601,Coreopsis lanceolata,,513
602,Coreopsis tinctoria,,514
242,Coreopsis tripteris,,515
976,Corethrogyne filaginifolia,,516
1546,Coriaria arborea,,517
1396,Cornus alternifolia,,518
296,Cornus amomum,,519
1551,Cornus canadensis,,520
1397,Cornus drummondii,,521
1398,Cornus florida,,522
1690,Cornus mas,,523
603,Cornus nuttallii,,524
156,Cornus racemosa,,525
438,Cornus sanguinea,,526
193,Cornus sericea,,527
1470,Cornus unalaschkensis,,528
902,Corokia cotoneaster,,529
827,Cortaderia jubata,,530
1750,Cortaderia selloana,,531
1912,Corylus americana,,532
1325,Corylus avellana,,533
1045,Corylus cornuta,,534
1042,Corylus cornuta californica,,535
1302,Corynocarpus laevigatus,,536
680,Cosmos bipinnatus,,537
310,Cotula coronopifolia,,538
1942,Crassula ovata,,539
898,Crataegus monogyna,,540
1208,Crepis capillaris,,541
271,Crocosmia × crocosmiiflora,,542
617,Croton californicus,,543
2010,Croton capitatus,,544
1996,Croton monanthogynus,,545
1687,Croton setiger,,546
996,Cryptotaenia canadensis,,547
188,Cucurbita foetidissima,,548
689,Cupressus macrocarpa,,549
2001,Cuscuta californica,,550
1098,Cuscuta gronovii,,551
136,Cyathea dealbata,,552
1518,Cyathea medullaris,,553
45,Cylindropuntia bigelovii,,554
46,Cylindropuntia echinocarpa,,555
1622,Cylindropuntia fulgida,,556
744,Cylindropuntia imbricata,,557
1011,Cylindropuntia leptocaulis,,558
630,Cylindropuntia prolifera,,559
642,Cylindropuntia ramosissima,,560
1636,Cymbalaria muralis,,561
49,Cynara cardunculus,,562
1530,Cynodon dactylon,,563
2099,Cynoglossum grande,,564
1820,Cynoglossum officinale,,565
1702,Cynosurus echinatus,,566
451,Cyperus eragrostis,,567
633,Cyperus esculentus,,568
1660,Cypripedium acaule,,569
1888,Cypripedium parviflorum,,570
29,Cypripedium parviflorum pubescens,,571
1365,Cypripedium reginae,,572
142,Cystopteris bulbifera,,573
297,Cystopteris fragilis,,574
1918,Cytisus scoparius,,575
740,Dacrycarpus dacrydioides,,576
738,Dacrydium cupressinum,,577
830,Dactylis glomerata,,578
56,Dactylorhiza fuchsii,,579
1862,Dahlia coccinea,,580
244,Dalea candida,,581
1998,Dalea purpurea,,582
14,Daphne laureola,,583
808,Darlingtonia californica,,584
474,Darmera peltata,,585
640,Dasiphora fruticosa,,586
1689,Datura stramonium,,587
220,Datura wrightii,,588
644,Daucus carota,,589
1109,Daucus pusillus,,590
328,Decodon verticillatus,,591
313,Deinandra fasciculata,,592
992,Delairea odorata,,593
1707,Delonix regia,,594
646,Delphinium cardinale,,595
1503,Delphinium carolinianum,,596
1540,Delphinium carolinianum virescens,,597
647,Delphinium glaucum,,598
318,Delphinium nudicaule,,599
648,Delphinium nuttallianum,,600
2067,Delphinium tricorne,,601
686,Dendroalsia abietina,,602
1166,Dendrolycopodium obscurum,,603
202,Dendromecon rigida,,604
1452,Dennstaedtia punctilobula,,605
167,Descurainia pinnata,,606
1466,Desmanthus illinoensis,,607
1773,Desmodium canadense,,608
130,Desmodium paniculatum,,609
1822,Dianthus armeria,,610
2040,Dicentra canadensis,,611
407,Dicentra cucullaria,,612
406,Dicentra formosa,,613
322,Dichelostemma capitatum,,614
871,Dichelostemma congestum,,615
836,Dichondra carolinensis,,616
1964,Dichromanthus cinnabarinus,,617
688,Dicksonia squarrosa,,618
755,Dicranopteris linearis,,619
532,Diervilla lonicera,,620
1187,Digitalis purpurea,,621
1973,Diodia virginiana,,622
1602,Dioscorea villosa,,623
1463,Diospyros texana,,624
323,Diospyros virginiana,,625
1879,Diphasiastrum digitatum,,626
1734,Dipsacus fullonum,,627
1525,Discaria toumatou,,628
234,Distichlis spicata,,629
355,Dodecatheon meadia,,630
658,Dodecatheon pulchellum,,631
2052,Dodonaea viscosa,,632
1361,Doellingeria umbellata,,633
1673,Draba verna,,634
326,Dracopis amplexicaulis,,635
809,Drosera anglica,,636
1372,Drosera arcturi,,637
921,Drosera intermedia,,638
810,Drosera rotundifolia,,639
12,Drosera spatulata,,640
343,Dryas octopetala,,641
668,Drymocallis glandulosa,,642
813,Dryopteris arguta,,643
143,Dryopteris carthusiana,,644
670,Dryopteris filix-mas,,645
144,Dryopteris intermedia,,646
1292,Dryopteris marginalis,,647
1249,Dudleya cymosa,,648
607,Dudleya farinosa,,649
187,Dudleya lanceolata,,650
676,Dudleya pulverulenta,,651
552,Dysoxylum spectabile,,652
42,Earina autumnalis,,653
251,Earina mucronata,,654
2078,Ebenopsis ebano,,655
1182,Echinacea pallida,,656
1945,Echinacea purpurea,,657
1585,Echinocactus horizonthalonius,,658
520,Echinocactus platyacanthus,,659
1617,Echinocactus texensis,,660
388,Echinocereus engelmannii,,661
586,Echinocereus mojavensis,,662
1623,Echinocereus reichenbachii,,663
1624,Echinocereus stramineus,,664
67,Echinocereus triglochidiatus,,665
656,Echinochloa crus-galli,,666
1941,Echinocystis lobata,,667
68,Echium candicans,,668
1789,Echium vulgare,,669
773,Eclipta prostrata,,670
10,Eichhornia crassipes,,671
713,Elaeagnus angustifolia,,672
300,Elaeagnus umbellata,,673
1533,Elaeocarpus hookerianus,,674
1219,Elephantopus carolinianus,,675
1519,Elymus canadensis,,676
2000,Elymus hystrix,,677
1916,Elymus virginicus,,678
1225,Emmenanthe penduliflora,,679
462,Empetrum nigrum,,680
1717,Encelia californica,,681
39,Encelia farinosa,,682
2064,Enemion biternatum,,683
1459,Engelmannia peristenia,,684
1956,Entelea arborescens,,685
1890,Epifagus virginiana,,686
1757,Epigaea repens,,687
1619,Epilobium brachycarpum,,688
927,Epilobium canum,,689
926,Epilobium ciliatum,,690
569,Epilobium hirsutum,,691
1331,Epilobium obcordatum,,692
1898,Epipactis gigantea,,693
335,Epipactis helleborine,,694
832,Equisetum arvense,,695
815,Equisetum hyemale,,696
1696,Equisetum scirpoides,,697
912,Equisetum sylvaticum,,698
2007,Equisetum telmateia,,699
2008,Equisetum telmateia braunii,,700
2045,Erechtites hieraciifolius,,701
458,Eremalche rotundifolia,,702
139,Ericameria linearifolia,,703
133,Ericameria nauseosa,,704
1903,Erigenia bulbosa,,705
1867,Erigeron annuus,,706
723,Erigeron canadensis,,707
378,Erigeron glaucus,,708
732,Erigeron karvinskianus,,709
506,Erigeron philadelphicus,,710
735,Erigeron strigosus,,711
736,Eriobotrya japonica,,712
2030,Eriodictyon californicum,,713
737,Eriodictyon crassifolium,,714
1471,Eriogonum fasciculatum,,715
461,Eriogonum inflatum,,716
1501,Eriogonum latifolium,,717
925,Eriogonum nudum,,718
747,Eriogonum parvifolium,,719
802,Eriogonum umbellatum,,720
1052,Eriophyllum confertiflorum,,721
751,Eriophyllum lanatum,,722
841,Eriophyllum staechadifolium,,723
753,Eriophyllum wallacei,,724
2028,Erodium botrys,,725
1697,Erodium cicutarium,,726
2029,Erodium moschatum,,727
838,Erodium texanum,,728
1794,Eryngium leavenworthii,,729
1972,Eryngium yuccifolium,,730
314,Erysimum capitatum,,731
15,Erysimum franciscanum,,732
693,Erythranthe moschata,,733
1469,Erythrina herbacea,,734
1608,Erythronium albidum,,735
604,Erythronium americanum,,736
715,Erythronium grandiflorum,,737
478,Erythronium oregonum,,738
1606,Eschscholzia californica,,739
1053,Eucalyptus globulus,,740
609,Euonymus alatus,,741
268,Euonymus americanus,,742
1684,Euonymus europaeus,,743
1754,Euonymus fortunei,,744
1102,Eupatorium altissimum,,745
1727,Eupatorium cannabinum,,746
18,Eupatorium capillifolium,,747
1081,Eupatorium perfoliatum,,748
899,Eupatorium serotinum,,749
215,Euphorbia albomarginata,,750
513,Euphorbia antisyphilitica,,751
575,Euphorbia bicolor,,752
2073,Euphorbia corollata,,753
929,Euphorbia cyathophora,,754
1656,Euphorbia cyparissias,,755
764,Euphorbia dentata,,756
1437,Euphorbia hypericifolia,,757
765,Euphorbia lathyris,,758
248,Euphorbia maculata,,759
1465,Euphorbia marginata,,760
785,Euphorbia nutans,,761
1579,Euphorbia peplus,,762
786,Euphorbia prostrata,,763
1886,Euphorbia pulcherrima,,764
787,Euphorbia serpens,,765
1181,Eurybia divaricata,,766
1562,Eurybia macrophylla,,767
801,Eustoma exaltatum,,768
2077,Euthamia graminifolia,,769
615,Eutrochium maculatum,,770
791,Eutrochium purpureum,,771
1839,Evolvulus alsinoides,,772
1846,Eysenhardtia texana,,773
13,Fagus grandifolia,,774
1247,Fagus sylvatica,,775
1534,Fallopia japonica,,776
774,Fallugia paradoxa,,777
1144,Ferocactus cylindraceus,,778
1849,Ferocactus hamatacanthus,,779
844,Ferocactus latispinus,,780
1883,Ferocactus pilosus,,781
1850,Ferocactus wislizeni,,782
47,Ficaria verna,,783
119,Ficinia spiralis,,784
638,Ficus carica,,785
408,Filipendula ulmaria,,786
928,Foeniculum vulgare,,787
199,Forestiera pubescens,,788
35,Fouquieria splendens,,789
1545,Fragaria chiloensis,,790
255,Fragaria vesca,,791
781,Fragaria virginiana,,792
1726,Frangula alnus,,793
1061,Frangula californica,,794
1352,Frangula caroliniana,,795
782,Frangula purshiana,,796
192,Frankenia salina,,797
1823,Frasera speciosa,,798
1889,Fraxinus americana,,799
1781,Fraxinus excelsior,,800
1620,Fraxinus latifolia,,801
263,Fraxinus nigra,,802
1417,Fraxinus pennsylvanica,,803
1185,Fremontodendron californicum,,804
799,Freycinetia banksii,,805
309,Fritillaria affinis,,806
476,Fuchsia excorticata,,807
1994,Fuchsia magellanica,,808
106,Fumaria capreolata,,809
1149,Fumaria officinalis,,810
277,Fuscospora cliffortioides,,811
1489,Fuscospora solandri,,812
515,Gaillardia aestivalis,,813
576,Gaillardia pulchella,,814
533,Galanthus nivalis,,815
1174,Galax urceolata,,816
503,Galearis spectabilis,,817
1827,Galinsoga parviflora,,818
256,Galinsoga quadriradiata,,819
930,Galium aparine,,820
793,Galium boreale,,821
933,Galium triflorum,,822
522,Galium verum,,823
1054,Garrya elliptica,,824
2055,Gaultheria hispidula,,825
1237,Gaultheria procumbens,,826
940,Gaultheria shallon,,827
1911,Gaura lindheimeri,,828
1635,Gaura parviflora,,829
1913,Gaura suffulta,,830
257,Gelsemium sempervirens,,831
1055,Genista monspessulana,,832
1483,Gentiana andrewsii,,833
1830,Gentiana calycosa,,834
1482,Gentiana clausa,,835
1159,Gentiana newberryi,,836
1739,Gentianopsis crinita,,837
814,Geraea canescens,,838
338,Geranium carolinianum,,839
937,Geranium dissectum,,840
1795,Geranium maculatum,,841
938,Geranium molle,,842
817,Geranium richardsonii,,843
2003,Geranium robertianum,,844
1189,Geranium viscosissimum,,845
775,Geum canadense,,846
1190,Geum macrophyllum,,847
1647,Geum rivale,,848
23,Geum triflorum,,849
1859,Geum urbanum,,850
90,Gilia capitata,,851
360,Gilia tricolor,,852
1785,Ginkgo biloba,,853
623,Glandularia bipinnatifida,,854
1212,Glaucium flavum,,855
559,Glebionis coronaria,,856
1679,Glechoma hederacea,,857
1411,Gleditsia triacanthos,,858
1921,Glottidium vesicarium,,859
1093,Gonolobus suberosus,,860
336,Goodyera oblongifolia,,861
1244,Goodyera pubescens,,862
1980,Grindelia camporum,,863
833,Grindelia squarrosa,,864
1153,Grindelia stricta,,865
1049,Griselinia littoralis,,866
1803,Guazuma ulmifolia,,867
835,Gutierrezia sarothrae,,868
118,Gymnadenia conopsea,,869
146,Gymnocarpium dryopteris,,870
1446,Hackelia virginiana,,871
227,Haloragis erecta,,872
183,Halosaccion glandiforme,,873
626,Hamamelis virginiana,,874
780,Hamelia patens,,875
1927,Hedera helix,,876
224,Hedycarya arborea,,877
756,Hedychium gardnerianum,,878
849,Hedypnois cretica,,879
847,Helenium amarum,,880
848,Helenium autumnale,,881
1104,Helenium bigelovii,,882
942,Helenium puberulum,,883
1680,Helianthus annuus,,884
652,Helianthus maximiliani,,885
21,Helianthus tuberosus,,886
1896,Heliopsis helianthoides,,887
161,Heliotropium curassavicum,,888
337,Heliotropium indicum,,889
1505,Heliotropium tenellum,,890
1676,Helleborus foetidus,,891
1129,Helminthotheca echioides,,892
878,Hemerocallis fulva,,893
1369,Hemitomes congestum,,894
1982,Hemizonia congesta,,895
943,Heracleum maximum,,896
79,Herbertia lahue,,897
1940,Hesperis matronalis,,898
229,Hesperoyucca whipplei,,899
1587,Heteromeles arbutifolia,,900
169,Heterotheca grandiflora,,901
1504,Heterotheca subaxillaris,,902
463,Heuchera micrantha,,903
1894,Hexastylis arifolia,,904
2081,Hibiscus laevis,,905
77,Hibiscus moscheutos,,906
1374,Hibiscus rosa-sinensis,,907
880,Hibiscus syriacus,,908
1596,Hibiscus trionum,,909
1643,Hieracium albiflorum,,910
1709,Hieracium aurantiacum,,911
874,Hieracium caespitosum,,912
544,Hieracium venosum,,913
944,Hirschfeldia incana,,914
949,Histiopteris incisa,,915
287,Hoheria populnea,,916
854,Holcus lanatus,,917
1057,Holodiscus discolor,,918
1286,Homalosorus pycnocarpos,,919
657,Hordeum jubatum,,920
856,Hordeum murinum,,921
419,Hosackia gracilis,,922
164,Houstonia caerulea,,923
486,Houstonia pusilla,,924
728,Humulus lupulus,,925
99,Huperzia lucidula,,926
1772,Hyacinthoides non-scripta,,927
1947,Hydrangea arborescens,,928
997,Hydrastis canadensis,,929
7,Hydrocotyle bonariensis,,930
850,Hydrocotyle ranunculoides,,931
1511,Hydrophyllum capitatum,,932
887,Hydrophyllum tenuipes,,933
1762,Hydrophyllum virginianum,,934
501,Hylocomium splendens,,935
20,Hymenopappus scabiosaeus,,936
1378,Hymenophyllum demissum,,937
138,Hymenophyllum dilatatum,,938
1194,Hymenophyllum nephrophyllum,,939
889,Hypericum androsaemum,,940
1317,Hypericum hypericoides,,941
134,Hypericum perforatum,,942
948,Hypochaeris radicata,,943
2066,Hypoxis hirsuta,,944
231,Hyptis emoryi,,945
40,Ibervillea lindheimeri,,946
284,Ileostylus micranthus,,947
1770,Ilex aquifolium,,948
1315,Ilex decidua,,949
986,Ilex opaca,,950
95,Ilex verticillata,,951
1296,Ilex vomitoria,,952
1756,Impatiens capensis,,953
1758,Impatiens glandulifera,,954
1241,Impatiens noli-tangere,,955
1148,Impatiens pallida,,956
566,Impatiens parviflora,,957
629,Indigofera miniata,,958
641,Inula helenium,,959
1038,Ipomoea cordatotriloba,,960
894,Ipomoea hederacea,,961
653,Ipomoea imperati,,962
895,Ipomoea indica,,963
1037,Ipomoea lacunosa,,964
1968,Ipomoea pandurata,,965
819,Ipomoea pes-caprae,,966
731,Ipomoea purpurea,,967
667,Ipomopsis aggregata,,968
1312,Ipomopsis rubra,,969
205,Iris cristata,,970
440,Iris douglasiana,,971
1775,Iris foetidissima,,972
73,Iris missouriensis,,973
2088,Iris pseudacorus,,974
1969,Iris versicolor,,975
900,Isocoma menziesii,,976
1884,Iva annua,,977
904,Jacaranda mimosifolia,,978
1271,Jacobaea vulgaris,,979
521,Jatropha dioica,,980
1026,Jaumea carnosa,,981
1423,Jeffersonia diphylla,,982
1329,Juglans californica,,983
1407,Juglans cinerea,,984
1328,Juglans hindsii,,985
1330,Juglans nigra,,986
1712,Juglans regia,,987
1784,Juncus effusus,,988
1521,Juniperus ashei,,989
120,Juniperus californica,,990
289,Juniperus communis,,991
1829,Juniperus deppeana,,992
1799,Juniperus grandis,,993
916,Juniperus osteosperma,,994
315,Juniperus virginiana,,995
1694,Justicia americana,,996
221,Justicia californica,,997
923,Kalmia angustifolia,,998
52,Kalmia latifolia,,999
918,Kalmia polifolia,,1000
1214,Keckiella cordifolia,,1001
1547,Kindbergia oregana,,1002
1536,Knightia excelsa,,1003
1747,Kniphofia uvaria,,1004
1949,Krameria lanceolata,,1005
950,Lactuca serriola,,1006
1078,Lagerstroemia indica,,1007
666,Lagurus ovatus,,1008
1695,Lamium album,,1009
1573,Lamium amplexicaule,,1010
176,Lamium galeobdolon,,1011
1677,Lamium maculatum,,1012
1686,Lamium purpureum,,1013
1805,Lantana camara,,1014
1256,Laportea canadensis,,1015
1731,Lapsana communis,,1016
1549,Larix decidua,,1017
17,Larix laricina,,1018
592,Larrea tridentata,,1019
1113,Lasthenia californica,,1020
932,Lathyrus japonicus,,1021
862,Lathyrus latifolius,,1022
264,Lathyrus vestitus,,1023
1496,Laurelia novae-zelandiae,,1024
2079,Lavandula stoechas,,1025
377,Layia platyglossa,,1026
1929,Lemna minor,,1027
516,Leonotis nepetifolia,,1028
1901,Leonurus cardiaca,,1029
692,Lepechinia calycina,,1030
624,Lepidium latifolium,,1031
946,Lepidium virginicum,,1032
153,Lepidospartum squamatum,,1033
1157,Leptecophylla juniperina,,1034
1748,Leptecophylla tameiameiae,,1035
1307,Leptopteris hymenophylloides,,1036
1928,Leptopteris superba,,1037
951,Leptosiphon ciliatus,,1038
1376,Leptospermum scoparium,,1039
958,Leptosyne gigantea,,1040
510,Lespedeza capitata,,1041
166,Lespedeza cuneata,,1042
1950,Leucaena leucocephala,,1043
1752,Leucanthemum vulgare,,1044
2034,Leucobryum glaucum,,1045
50,Leucophyllum frutescens,,1046
2086,Leucopogon fasciculatus,,1047
1445,Leucopogon fraseri,,1048
1592,Lewisia rediviva,,1049
1122,Leycesteria formosa,,1050
983,Liatris aspera,,1051
1013,Liatris mucronata,,1052
1962,Liatris pycnostachya,,1053
614,Liatris spicata,,1054
970,Ligustrum lucidum,,1055
1481,Ligustrum sinense,,1056
1257,Ligustrum vulgare,,1057
2037,Lilium canadense,,1058
973,Lilium columbianum,,1059
1280,Lilium humboldtii,,1060
704,Lilium martagon,,1061
539,Lilium michiganense,,1062
2036,Lilium pardalinum,,1063
1288,Lilium parvum,,1064
931,Lilium philadelphicum,,1065
696,Lilium superbum,,1066
1985,Linanthus californicus,,1067
989,Linaria purpurea,,1068
346,Linaria vulgaris,,1069
1808,Lindera benzoin,,1070
1014,Lindheimera texana,,1071
991,Linnaea borealis,,1072
1618,Linum bienne,,1073
714,Linum lewisii,,1074
1698,Linum rigidum,,1075
685,Liquidambar styraciflua,,1076
1097,Liriodendron tulipifera,,1077
426,Lithophragma affine,,1078
1885,Lithophragma heterophyllum,,1079
1933,Lithospermum canescens,,1080
563,Lithospermum incisum,,1081
457,Lobelia angulata,,1082
1802,Lobelia cardinalis,,1083
1231,Lobelia inflata,,1084
2083,Lobelia kalmii,,1085
25,Lobelia siphilitica,,1086
1495,Lobelia spicata,,1087
1995,Lobularia maritima,,1088
1865,Loeselia mexicana,,1089
857,Lolium perenne,,1090
1946,Lomatium dasycarpum,,1091
1948,Lomatium utriculatum,,1092
1259,Lonicera canadensis,,1093
1001,Lonicera ciliosa,,1094
1260,Lonicera dioica,,1095
1058,Lonicera hispidula,,1096
821,Lonicera involucrata,,1097
1002,Lonicera japonica,,1098
83,Lonicera maackii,,1099
526,Lonicera morrowii,,1100
1261,Lonicera sempervirens,,1101
1003,Lonicera tatarica,,1102
212,Lophophora williamsii,,1103
1607,Lotus corniculatus,,1104
1612,Lotus corniculatus corniculatus,,1105
1966,Ludwigia alternifolia,,1106
232,Ludwigia octovalvis,,1107
639,Ludwigia peploides,,1108
1005,Luetkea pectinata,,1109
1701,Lunaria annua,,1110
1628,Lunularia cruciata,,1111
554,Lupinus albifrons,,1112
863,Lupinus arboreus,,1113
307,Lupinus bicolor,,1114
333,Lupinus hirsutissimus,,1115
305,Lupinus nanus,,1116
1979,Lupinus perennis,,1117
483,Lupinus polyphyllus,,1118
1025,Lupinus stiversii,,1119
1924,Lupinus succulentus,,1120
80,Lupinus texensis,,1121
1733,Lychnis flos-cuculi,,1122
294,Lycium ferocissimum,,1123
1552,Lycopodiella cernua,,1124
1267,Lycopodium clavatum,,1125
1572,Lycopodium volubile,,1126
634,Lycopus americanus,,1127
1601,Lycoris radiata,,1128
1740,Lygodesmia texana,,1129
254,Lygodium japonicum,,1130
1917,Lysichiton americanus,,1131
1502,Lysimachia ciliata,,1132
588,Lysimachia nummularia,,1133
151,Lysimachia quadrifolia,,1134
1807,Lysimachia terrestris,,1135
1036,Lysimachia thyrsiflora,,1136
1864,Lythrum alatum,,1137
956,Lythrum salicaria,,1138
1277,Maclura pomifera,,1139
1986,Madia elegans,,1140
962,Madia sativa,,1141
259,Magnolia grandiflora,,1142
484,Maianthemum canadense,,1143
1644,Maianthemum dilatatum,,1144
409,Maianthemum racemosum,,1145
1006,Maianthemum stellatum,,1146
1514,Malacothamnus fasciculatus,,1147
159,Malacothrix glabrata,,1148
1041,Malacothrix saxatilis,,1149
2015,Malosma laurina,,1150
551,Malus ×domestica,,1151
178,Malva arborea,,1152
418,Malva moschata,,1153
1566,Malva neglecta,,1154
196,Malva parviflora,,1155
1786,Malva sylvestris,,1156
1557,Malvaviscus arboreus,,1157
2062,Mammillaria dioica,,1158
272,Mammillaria heyderi,,1159
2018,Mangifera indica,,1160
116,Marah fabacea,,1161
1046,Marah macrocarpa,,1162
1047,Marah oregana,,1163
1836,Marchantia polymorpha,,1164
1866,Marrubium vulgare,,1165
274,Marshallia caespitosa,,1166
280,Matelea biflora,,1167
283,Matelea reticulata,,1168
910,Matricaria discoidea,,1169
147,Matteuccia struthiopteris,,1170
783,Maurandya antirrhiniflora,,1171
805,Mazus pumilus,,1172
1453,Medeola virginiana,,1173
864,Medicago arabica,,1174
2016,Medicago lupulina,,1175
1926,Medicago polymorpha,,1176
285,Medicago sativa,,1177
121,Melampodium leucanthum,,1178
1234,Melampyrum lineare,,1179
1131,Melia azedarach,,1180
1553,Melicytus alpinus,,1181
92,Melicytus ramiflorus,,1182
334,Melilotus albus,,1183
2019,Melilotus indicus,,1184
66,Melilotus officinalis,,1185
1056,Melinis repens,,1186
1812,Melissa officinalis,,1187
98,Melothria pendula,,1188
1814,Menispermum canadense,,1189
194,Mentha arvensis,,1190
2032,Mentha pulegium,,1191
1222,Mentzelia laevicaulis,,1192
1065,Menyanthes trifoliata,,1193
1720,Merremia dissecta,,1194
1067,Mertensia ciliata,,1195
1934,Mertensia paniculata,,1196
525,Mertensia virginica,,1197
31,Mesembryanthemum crystallinum,,1198
745,Metrosideros diffusa,,1199
5,Metrosideros excelsa,,1200
1163,Metrosideros fulgens,,1201
1565,Metrosideros perforata,,1202
702,Metrosideros polymorpha,,1203
536,Metrosideros umbellata,,1204
1070,Micranthes californica,,1205
1914,Micranthes virginiensis,,1206
1692,Microsorum pustulatum,,1207
421,Microsorum pustulatum pustulatum,,1208
726,Microsorum scandens,,1209
1410,Microstegium vimineum,,1210
915,Microsteris gracilis,,1211
371,Microtis unifolia,,1212
477,Mikania scandens,,1213
1860,Milla biflora,,1214
1117,Mimosa nuttallii,,1215
620,Mimosa pudica,,1216
1028,Mimosa quadrivalvis platycarpa,,1217
2014,Mimulus aurantiacus,,1218
115,Mimulus bigelovii,,1219
966,Mimulus cardinalis,,1220
1793,Mimulus guttatus,,1221
724,Mimulus lewisii,,1222
1199,Mimulus primuloides,,1223
1243,Mimulus ringens,,1224
308,Mirabilis jalapa,,1225
394,Mirabilis laevis,,1226
402,Mitchella repens,,1227
1151,Mitella diphylla,,1228
1082,Modiola caroliniana,,1229
1084,Mollugo verticillata,,1230
2039,Momordica charantia,,1231
2080,Monarda citriodora,,1232
834,Monarda didyma,,1233
974,Monarda fistulosa,,1234
999,Monarda punctata,,1235
1323,Monardella odoratissima,,1236
681,Monardella villosa,,1237
682,Moneses uniflora,,1238
581,Monotropa hypopitys,,1239
63,Monotropa uniflora,,1240
1990,Monstera deliciosa,,1241
873,Morella californica,,1242
1297,Morella cerifera,,1243
494,Morella pensylvanica,,1244
1578,Morinda citrifolia,,1245
1761,Morus alba,,1246
1412,Morus rubra,,1247
1564,Muehlenbeckia australis,,1248
1443,Muehlenbeckia axillaris,,1249
1090,Muehlenbeckia complexa,,1250
749,Muscari neglectum,,1251
1987,Mycelis muralis,,1252
2042,Myoporum laetum,,1253
1872,Myosotis latifolia,,1254
2095,Myosotis scorpioides,,1255
1675,Myosotis sylvatica,,1256
1435,Myriophyllum aquaticum,,1257
1526,Myrsine australis,,1258
1165,Myrsine divaricata,,1259
924,Myrtillocactus geometrizans,,1260
885,Nama demissa,,1261
1012,Nandina domestica,,1262
1685,Narcissus pseudonarcissus,,1263
391,Nassella pulchra,,1264
1101,Nasturtium officinale,,1265
1937,Navarretia squarrosa,,1266
493,Nelumbo lutea,,1267
600,Nemastylis geminiflora,,1268
967,Nemophila heterophylla,,1269
321,Nemophila menziesii,,1270
1477,Nemophila phacelioides,,1271
2098,Neomyrtus pedunculata,,1272
804,Neotinea ustulata,,1273
1943,Nepeta cataria,,1274
1462,Neptunia lutea,,1275
1650,Nerium oleander,,1276
1491,Nicotiana glauca,,1277
1111,Nicotiana obtusifolia,,1278
1064,Notholithocarpus densiflorus,,1279
564,Nothoscordum bivalve,,1280
131,Nuphar advena,,1281
104,Nuphar lutea,,1282
1115,Nuphar polysepala,,1283
1908,Nuphar variegata,,1284
387,Nuttallanthus canadensis,,1285
1116,Nuttallanthus texanus,,1286
777,Nymphaea alba,,1287
425,Nymphaea odorata,,1288
1413,Nyssa sylvatica,,1289
936,Obolaria virginica,,1290
1362,Oclemena acuminata,,1291
1059,Oemleria cerasiformis,,1292
1196,Oenothera biennis,,1293
590,Oenothera elata,,1294
1118,Oenothera laciniata,,1295
1096,Oenothera macrocarpa,,1296
1119,Oenothera rosea,,1297
1944,Oenothera speciosa,,1298
558,Oenothera suffrutescens,,1299
431,Oenothera triloba,,1300
218,Olea europaea,,1301
94,Olearia paniculata,,1302
149,Onoclea sensibilis,,1303
435,Oplopanax horridus,,1304
114,Opuntia basilaris,,1305
1123,Opuntia engelmannii,,1306
236,Opuntia engelmannii lindheimeri,,1307
1710,Opuntia ficus-indica,,1308
1759,Opuntia humifusa,,1309
1124,Opuntia littoralis,,1310
1125,Opuntia microdasys,,1311
1126,Opuntia phaeacantha,,1312
593,Opuntia polyacantha,,1313
331,Orchis mascula,,1314
429,Orchis purpurea,,1315
216,Ornithogalum umbellatum,,1316
1179,Orobanche fasciculata,,1317
2043,Orobanche uniflora,,1318
1128,Orthilia secunda,,1319
972,Osmorhiza berteroi,,1320
1904,Osmorhiza longistylis,,1321
1438,Osmunda claytoniana,,1322
72,Osmunda regalis,,1323
1044,Osmunda regalis spectabilis,,1324
1909,Osmundastrum cinnamomeum,,1325
1604,Ostrya virginiana,,1326
1989,Othocallis siberica,,1327
246,Oxalis acetosella,,1328
93,Oxalis articulata,,1329
1958,Oxalis corniculata,,1330
472,Oxalis montana,,1331
2049,Oxalis oregana,,1332
1959,Oxalis pes-caprae,,1333
980,Oxalis stricta,,1334
2065,Oxalis violacea,,1335
504,Oxydendrum arboreum,,1336
448,Oxyria digyna,,1337
345,Ozothamnus leptophyllus,,1338
570,Pachycereus pringlei,,1339
861,Pachysandra terminalis,,1340
353,Packera aurea,,1341
618,Packera glabella,,1342
1232,Packera obovata,,1343
1138,Paeonia brownii,,1344
201,Paeonia californica,,1345
690,Paesia scaberula,,1346
1458,Palafoxia callosa,,1347
33,Panax trifolius,,1348
1139,Pancratium maritimum,,1349
632,Panicum virgatum,,1350
1143,Papaver heterophyllum,,1351
1289,Papaver rhoeas,,1352
132,Paraserianthes lophantha,,1353
1871,Parathelypteris noveboracensis,,1354
1649,Parentucellia viscosa,,1355
1984,Parietaria judaica,,1356
186,Paris quadrifolia,,1357
1358,Parkinsonia aculeata,,1358
1177,Parkinsonia florida,,1359
301,Parnassia palustris,,1360
1569,Parsonsia heterophylla,,1361
822,Parthenium hysterophorus,,1362
427,Parthenium integrifolium,,1363
250,Parthenocissus quinquefolia,,1364
659,Paspalum dilatatum,,1365
1395,Passiflora caerulea,,1366
507,Passiflora foetida,,1367
509,Passiflora incarnata,,1368
508,Passiflora lutea,,1369
742,Passiflora tetrandra,,1370
527,Pastinaca sativa,,1371
1251,Paulownia tomentosa,,1372
729,Pedicularis attollens,,1373
2054,Pedicularis canadensis,,1374
100,Pedicularis densiflora,,1375
529,Pedicularis groenlandica,,1376
1991,Pedicularis semibarbata,,1377
276,Pelargonium × hortorum,,1378
53,Pellaea andromedifolia,,1379
1326,Pellaea atropurpurea,,1380
2070,Pellaea mucronata,,1381
1155,Peltandra virginica,,1382
1379,Pennantia corymbosa,,1383
1778,Pennisetum setaceum,,1384
1703,Penstemon barbatus,,1385
1922,Penstemon centranthifolius,,1386
2011,Penstemon cobaea,,1387
4,Penstemon digitalis,,1388
671,Penstemon newberryi,,1389
1160,Penstemon rydbergii,,1390
816,Pentagramma triangularis,,1391
424,Penthorum sedoides,,1392
459,Perilla frutescens,,1393
1167,Peritoma arborea,,1394
1359,Persea americana,,1395
892,Persicaria amphibia,,1396
1169,Persicaria capitata,,1397
1625,Persicaria lapathifolia,,1398
1787,Persicaria maculosa,,1399
1170,Persicaria pensylvanica,,1400
37,Persicaria perfoliata,,1401
1915,Persicaria sagittata,,1402
1176,Persicaria virginiana,,1403
1777,Petasites frigidus palmatus,,1404
743,Petrorhagia dubia,,1405
2048,Phacelia californica,,1406
374,Phacelia cicutaria,,1407
375,Phacelia congesta,,1408
44,Phacelia crenulata,,1409
934,Phacelia distans,,1410
619,Phacelia minor,,1411
1837,Phalaris aquatica,,1412
730,Phalaris arundinacea,,1413
1876,Phegopteris connectilis,,1414
771,Phegopteris hexagonoptera,,1415
1162,Philadelphus lewisii,,1416
262,Phlegmariurus varius,,1417
2056,Phleum pratense,,1418
1183,Phlox diffusa,,1419
1751,Phlox divaricata,,1420
1192,Phlox divaricata laphamii,,1421
1015,Phlox pilosa,,1422
1186,Phoenix canariensis,,1423
1568,Pholistoma auritum,,1424
1092,Phoradendron californicum,,1425
113,Phoradendron leucarpum,,1426
2031,Phoradendron tomentosum,,1427
1571,Phormium cookianum,,1428
214,Phormium tenax,,1429
872,Phragmites australis,,1430
831,Phryma leptostachya,,1431
369,Phyla lanceolata,,1432
368,Phyla nodiflora,,1433
1704,Phyllocladus alpinus,,1434
665,Phyllodoce breweri,,1435
1188,Phyllodoce empetriformis,,1436
2074,Physocarpus capitatus,,1437
1532,Physocarpus opulifolius,,1438
768,Physostegia virginiana,,1439
1935,Phytolacca americana,,1440
1548,Picea abies,,1441
579,Picea glauca,,1442
1512,Picea mariana,,1443
393,Picea pungens,,1444
1831,Picea rubens,,1445
1870,Picea sitchensis,,1446
2022,Pickeringia montana,,1447
1881,Pilea pumila,,1448
247,Pilosella officinarum,,1449
1637,Pinguicula vulgaris,,1450
288,Pinus banksiana,,1451
2035,Pinus contorta,,1452
1529,Pinus contorta contorta,,1453
1226,Pinus contorta murrayana,,1454
1711,Pinus coulteri,,1455
51,Pinus echinata,,1456
1347,Pinus jeffreyi,,1457
1878,Pinus lambertiana,,1458
746,Pinus monophylla,,1459
555,Pinus monticola,,1460
1828,Pinus mugo,,1461
2097,Pinus palustris,,1462
1895,Pinus ponderosa,,1463
1060,Pinus radiata,,1464
739,Pinus resinosa,,1465
1076,Pinus rigida,,1466
299,Pinus sabiniana,,1467
741,Pinus strobus,,1468
286,Pinus sylvestris,,1469
1843,Pinus taeda,,1470
803,Piper excelsum,,1471
1835,Piper excelsum excelsum,,1472
158,Pistacia lentiscus,,1473
1195,Pistia stratiotes,,1474
598,Pittocaulon praecox,,1475
198,Pittosporum crassifolium,,1476
1050,Pittosporum eugenioides,,1477
207,Pittosporum tenuifolium,,1478
341,Plantago coronopus,,1479
1970,Plantago erecta,,1480
978,Plantago lanceolata,,1481
342,Plantago major,,1482
675,Plantago maritima,,1483
528,Plantago media,,1484
721,Platanthera ciliaris,,1485
395,Platanthera dilatata,,1486
1906,Platanthera dilatata leucostachys,,1487
1798,Platanthera psycodes,,1488
107,Platanus occidentalis,,1489
203,Platanus racemosa,,1490
468,Platystemon californicus,,1491
455,Pleopeltis polypodioides,,1492
85,Pluchea odorata,,1493
124,Plumeria rubra,,1494
1333,Pneumatopteris pennigera,,1495
1377,Poa annua,,1496
718,Podocarpus nivalis,,1497
761,Podocarpus totara,,1498
26,Podophyllum peltatum,,1499
922,Pogonia ophioglossoides,,1500
1215,Polanisia dodecandra,,1501
434,Polemonium californicum,,1502
1216,Polemonium occidentale,,1503
433,Polemonium reptans,,1504
754,Polygala alba,,1505
914,Polygala californica,,1506
1211,Polygala paucifolia,,1507
1461,Polygala sanguinea,,1508
776,Polygonatum biflorum,,1509
1218,Polygonum aviculare,,1510
766,Polygonum paronychia,,1511
1981,Polypodium californicum,,1512
1492,Polypodium glycyrrhiza,,1513
719,Polypodium scouleri,,1514
1293,Polypodium virginianum,,1515
1797,Polypodium vulgare,,1516
75,Polypogon monspeliensis,,1517
913,Polystichum acrostichoides,,1518
84,Polystichum munitum,,1519
891,Polystichum oculatum,,1520
1560,Polystichum vestitum,,1521
1062,Polytaenia texana,,1522
613,Polytrichum juniperinum,,1523
788,Pontederia cordata,,1524
1654,Populus alba,,1525
1428,Populus balsamifera,,1526
662,Populus deltoides,,1527
663,Populus fremontii,,1528
1429,Populus grandidentata,,1529
1430,Populus tremuloides,,1530
1224,Populus trichocarpa,,1531
456,Portulaca oleracea,,1532
487,Portulaca pilosa,,1533
386,Potamogeton nodosus,,1534
54,Potentilla anserina,,1535
890,Potentilla anserina pacifica,,1536
1229,Potentilla gracilis,,1537
1558,Potentilla indica,,1538
1639,Potentilla norvegica,,1539
1197,Potentilla recta,,1540
2009,Potentilla simplex,,1541
855,Primula clevelandii,,1542
911,Primula hendersonii,,1543
1670,Primula veris,,1544
1774,Primula vulgaris,,1545
1233,Proboscidea louisianica,,1546
752,Prosartes hookeri,,1547
191,Prosopis glandulosa,,1548
876,Prosopis pubescens,,1549
1931,Prosthechea cochleata,,1550
759,Prumnopitys ferruginea,,1551
442,Prumnopitys taxifolia,,1552
846,Prunella vulgaris,,1553
1146,Prunus avium,,1554
1648,Prunus emarginata,,1555
2075,Prunus ilicifolia,,1556
2087,Prunus laurocerasus,,1557
1479,Prunus mexicana,,1558
733,Prunus pensylvanica,,1559
1235,Prunus persica,,1560
1426,Prunus serotina,,1561
1668,Prunus spinosa,,1562
213,Prunus virginiana,,1563
939,Pseudognaphalium californicum,,1564
1210,Pseudognaphalium luteoalbum,,1565
1485,Pseudognaphalium microcephalum,,1566
1136,Pseudognaphalium obtusifolium,,1567
748,Pseudopanax arboreus,,1568
1356,Pseudopanax crassifolius,,1569
1855,Pseudotsuga menziesii,,1570
1632,Pseudotsuga menziesii menziesii,,1571
1371,Pseudowintera colorata,,1572
1370,Psidium guajava,,1573
1666,Psorothamnus spinosus,,1574
311,Ptelea trifoliata,,1575
1178,Pteridium aquilinum,,1576
1581,Pteridium esculentum,,1577
1242,Pteris tremula,,1578
661,Pterospora andromedea,,1579
1321,Pueraria montana,,1580
217,Punica granatum,,1581
499,Purshia tridentata,,1582
1788,Pycnanthemum virginianum,,1583
1245,Pyrola asarifolia,,1584
135,Pyrola elliptica,,1585
1207,Pyrola picta,,1586
1020,Pyrrhopappus pauciflorus,,1587
1034,Pyrrosia eleagnifolia,,1588
1508,Pyrus calleryana,,1589
70,Quercus agrifolia,,1590
1399,Quercus alba,,1591
1400,Quercus bicolor,,1592
417,Quercus chrysolepis,,1593
2059,Quercus douglasii,,1594
1936,Quercus durata,,1595
957,Quercus falcata,,1596
903,Quercus fusiformis,,1597
365,Quercus gambelii,,1598
700,Quercus garryana,,1599
1480,Quercus ilex,,1600
490,Quercus ilicifolia,,1601
182,Quercus kelloggii,,1602
1364,Quercus lobata,,1603
1401,Quercus macrocarpa,,1604
1667,Quercus marilandica,,1605
655,Quercus michauxii,,1606
1460,Quercus montana,,1607
230,Quercus muehlenbergii,,1608
1110,Quercus nigra,,1609
1404,Quercus palustris,,1610
1309,Quercus phellos,,1611
211,Quercus robur,,1612
2057,Quercus rubra,,1613
1133,Quercus stellata,,1614
2058,Quercus velutina,,1615
2061,Quercus virginiana,,1616
416,Quercus wislizeni,,1617
413,Quincula lobata,,1618
1130,Ranunculus abortivus,,1619
1753,Ranunculus acris,,1620
678,Ranunculus californicus,,1621
981,Ranunculus occidentalis,,1622
1842,Ranunculus repens,,1623
422,Ranunculus sceleratus,,1624
1368,Raphanus raphanistrum,,1625
1559,Raphanus sativus,,1626
1253,Rapistrum rugosum,,1627
1513,Ratibida columnifera,,1628
998,Ratibida pinnata,,1629
1535,Raukaua simplex,,1630
1255,Reseda luteola,,1631
1938,Rhamnus cathartica,,1632
1455,Rhamnus ilicifolia,,1633
784,Rhexia mariana,,1634
38,Rhinanthus minor,,1635
669,Rhizophora mangle,,1636
1258,Rhodiola integrifolia,,1637
550,Rhodiola rosea,,1638
1528,Rhododendron canadense,,1639
1522,Rhododendron columbianum,,1640
709,Rhododendron groenlandicum,,1641
252,Rhododendron maximum,,1642
725,Rhododendron occidentale,,1643
155,Rhododendron periclymenoides,,1644
760,Rhopalostylis sapida,,1645
295,Rhus aromatica,,1646
905,Rhus copallinum,,1647
1391,Rhus glabra,,1648
1475,Rhus integrifolia,,1649
1902,Rhus lanceolata,,1650
2012,Rhus ovata,,1651
637,Rhus trilobata,,1652
961,Rhus typhina,,1653
240,Rhus virens,,1654
340,Rhynchospora colorata,,1655
1630,Ribes aureum,,1656
1263,Ribes cereum,,1657
1320,Ribes roezlii,,1658
1063,Ribes sanguineum,,1659
573,Ribes speciosum,,1660
3,Ricinus communis,,1661
1567,Ripogonum scandens,,1662
1262,Rivina humilis,,1663
1760,Robinia pseudoacacia,,1664
1137,Romneya coulteri,,1665
762,Romulea rosea,,1666
1863,Rosa californica,,1667
1700,Rosa canina,,1668
1066,Rosa gymnocarpa,,1669
302,Rosa multiflora,,1670
1272,Rosa nutkana,,1671
71,Rosa palustris,,1672
1274,Rosa rubiginosa,,1673
380,Rosa rugosa,,1674
1275,Rosa woodsii,,1675
2060,Rosmarinus officinalis,,1676
41,Rubus allegheniensis,,1677
954,Rubus armeniacus,,1678
87,Rubus cissoides,,1679
1975,Rubus fruticosus,,1680
1303,Rubus idaeus,,1681
1276,Rubus laciniatus,,1682
574,Rubus occidentalis,,1683
1238,Rubus odoratus,,1684
542,Rubus parviflorus,,1685
511,Rubus phoenicolasius,,1686
1699,Rubus spectabilis,,1687
1031,Rubus trivialis,,1688
1069,Rubus ursinus,,1689
1339,Rudbeckia hirta,,1690
447,Rudbeckia laciniata,,1691
1311,Rudbeckia triloba,,1692
1454,Ruellia caroliniensis,,1693
1221,Ruellia humilis,,1694
1384,Ruellia nudiflora,,1695
1815,Ruellia strepens,,1696
984,Rumex acetosella,,1697
985,Rumex crispus,,1698
1841,Rumex obtusifolius,,1699
219,Ruscus aculeatus,,1700
2069,Sabal minor,,1701
137,Sabal palmetto,,1702
610,Sabatia angularis,,1703
612,Sabatia campestris,,1704
1809,Sagittaria latifolia,,1705
1467,Salix babylonica,,1706
390,Salix exigua,,1707
1072,Salix lasiolepis,,1708
1431,Salix nigra,,1709
123,Salsola tragus,,1710
1715,Salvia apiana,,1711
2033,Salvia azurea,,1712
397,Salvia coccinea,,1713
987,Salvia columbariae,,1714
589,Salvia engelmannii,,1715
122,Salvia farinacea,,1716
195,Salvia leucophylla,,1717
1705,Salvia lyrata,,1718
319,Salvia mellifera,,1719
778,Salvia pratensis,,1720
1714,Salvia spathacea,,1721
273,Sambucus nigra,,1722
907,Sambucus nigra caerulea,,1723
820,Sambucus nigra canadensis,,1724
643,Sambucus racemosa,,1725
97,Sambucus racemosa racemosa,,1726
1086,Samolus repens,,1727
404,Sanguinaria canadensis,,1728
1642,Sanguisorba minor,,1729
1575,Sanicula arctopoides,,1730
1278,Sanicula bipinnatifida,,1731
988,Sanicula crassicaulis,,1732
1357,Sapindus saponaria,,1733
239,Saponaria officinalis,,1734
410,Sarcodes sanguinea,,1735
152,Sarracenia alata,,1736
2096,Sarracenia flava,,1737
807,Sarracenia purpurea,,1738
1409,Sassafras albidum,,1739
770,Saururus cernuus,,1740
1294,Scabiosa atropurpurea,,1741
683,Scaevola taccada,,1742
1952,Scandix pecten-veneris,,1743
1780,Sceptridium multifidum,,1744
534,Schefflera digitata,,1745
16,Schinus molle,,1746
1252,Schinus terebinthifolius,,1747
2020,Schizachyrium scoparium,,1748
1213,Schoenoplectus tabernaemontani,,1749
1301,Scirpus cyperinus,,1750
2053,Scoliopus bigelovii,,1751
354,Scrophularia californica,,1752
128,Scutellaria drummondii,,1753
1305,Scutellaria galericulata,,1754
1306,Scutellaria mexicana,,1755
1737,Scutellaria tuberosa,,1756
1075,Securigera varia,,1757
1641,Sedum acre,,1758
1310,Sedum album,,1759
1826,Sedum lanceolatum,,1760
329,Sedum spathulifolium,,1761
886,Sedum ternatum,,1762
298,Selaginella bigelovii,,1763
1085,Selliera radicans,,1764
1313,Senecio elegans,,1765
1112,Senecio minimus,,1766
1873,Senecio triangularis,,1767
993,Senecio vulgaris,,1768
1322,Senegalia greggii,,1769
1230,Senna lindheimeriana,,1770
1363,Senna roemeriana,,1771
1595,Sequoia sempervirens,,1772
1268,Sequoiadendron giganteum,,1773
265,Serenoa repens,,1774
1318,Sesbania drummondii,,1775
1324,Sesbania herbacea,,1776
1999,Sesuvium portulacastrum,,1777
1724,Sherardia arvensis,,1778
1554,Sibbaldiopsis tridentata,,1779
611,Sicyos angulatus,,1780
1487,Sida abutifolia,,1781
971,Sidalcea glaucescens,,1782
1992,Sidalcea malviflora,,1783
701,Sidalcea oregana,,1784
1478,Sideroxylon lanuginosum,,1785
757,Silene acaulis,,1786
396,Silene coronaria,,1787
1652,Silene dioica,,1788
994,Silene gallica,,1789
1201,Silene laciniata,,1790
1202,Silene laciniata californica,,1791
1338,Silene latifolia,,1792
1510,Silene stellata,,1793
2085,Silene virginica,,1794
1633,Silene vulgaris,,1795
1851,Silphium laciniatum,,1796
249,Silphium perfoliatum,,1797
1838,Silphium terebinthinaceum,,1798
1857,Silybum marianum,,1799
1977,Simmondsia chinensis,,1800
172,Sisymbrium irio,,1801
180,Sisyrinchium angustifolium,,1802
181,Sisyrinchium bellum,,1803
518,Sisyrinchium montanum,,1804
797,Smallanthus uvedalia,,1805
1488,Smilax bona-nox,,1806
1954,Smilax herbacea,,1807
979,Smilax rotundifolia,,1808
697,Smilax tamnoides,,1809
190,Solanum americanum,,1810
888,Solanum carolinense,,1811
189,Solanum chenopodioides,,1812
1340,Solanum dimidiatum,,1813
1978,Solanum douglasii,,1814
1605,Solanum dulcamara,,1815
1341,Solanum elaeagnifolium,,1816
537,Solanum laciniatum,,1817
567,Solanum lycopersicum,,1818
1343,Solanum nigrum,,1819
1291,Solanum rostratum,,1820
317,Solanum umbelliferum,,1821
1345,Solanum xanti,,1822
1346,Solidago altissima,,1823
1887,Solidago bicolor,,1824
1314,Solidago caesia,,1825
500,Solidago canadensis,,1826
1105,Solidago flexicaulis,,1827
631,Solidago rigida,,1828
969,Solidago sempervirens,,1829
1007,Sonchus asper,,1830
55,Sonchus oleraceus,,1831
1493,Sophora affinis,,1832
1527,Sophora microphylla,,1833
108,Sophora secundiflora,,1834
1515,Sorbus americana,,1835
105,Sorbus aucuparia,,1836
2023,Sorghastrum nutans,,1837
237,Sorghum halepense,,1838
366,Sparaxis tricolor,,1839
1474,Spartina pectinata,,1840
1603,Spartium junceum,,1841
870,Spathodea campanulata,,1842
1688,Spergularia rubra,,1843
223,Sphaeralcea ambigua,,1844
1350,Sphaeralcea angustifolia,,1845
1332,Sphenosciadium capitellatum,,1846
1103,Spigelia marilandica,,1847
1910,Spinulum annotinum,,1848
1844,Spiraea alba,,1849
1576,Spiraea douglasii,,1850
1351,Spiraea splendens,,1851
1336,Spiraea tomentosa,,1852
1440,Spiranthes cernua,,1853
282,Spiranthes romanzoffiana,,1854
278,Stachys bullata,,1855
157,Stachys palustris,,1856
1769,Stachys sylvatica,,1857
173,Stanleya pinnata,,1858
758,Staphylea trifolia,,1859
1016,Stellaria media,,1860
941,Stellaria pubera,,1861
1877,Stenaria nigricans,,1862
19,Stenocereus thurberi,,1863
65,Stenosiphon linifolius,,1864
2072,Stillingia texana,,1865
2100,Strelitzia reginae,,1866
660,Streptanthus tortuosus,,1867
1375,Streptopus amplexifolius,,1868
1408,Streptopus lanceolatus,,1869
1983,Strophostyles helvola,,1870
806,Stylophorum diphyllum,,1871
1094,Symphoricarpos albus,,1872
1074,Symphoricarpos mollis,,1873
1494,Symphoricarpos orbiculatus,,1874
1957,Symphyotrichum chilense,,1875
1500,Symphyotrichum cordifolium,,1876
896,Symphyotrichum ericoides,,1877
1614,Symphyotrichum lateriflorum,,1878
616,Symphyotrichum novae-angliae,,1879
1634,Symphytum officinale,,1880
964,Symplocarpus foetidus,,1881
258,Syringa vulgaris,,1882
1611,Tagetes lunulata,,1883
1738,Tamarix ramosissima,,1884
1382,Tanacetum bipinnatum,,1885
1334,Tanacetum parthenium,,1886
1725,Tanacetum vulgare,,1887
1664,Taraxacum officinale,,1888
1920,Taraxacum officinale officinale,,1889
583,Taraxia ovata,,1890
694,Taxodium distichum,,1891
110,Taxodium mucronatum,,1892
1967,Taxus baccata,,1893
1509,Taxus brevifolia,,1894
1661,Taxus canadensis,,1895
792,Tecoma stans,,1896
1729,Tellima grandiflora,,1897
1951,Tephrosia virginiana,,1898
530,Terminalia catappa,,1899
197,Tetragonia tetragonoides,,1900
1121,Tetraneuris scaposa,,1901
1388,Teucrium canadense,,1902
2051,Thalictrum dioicum,,1903
1017,Thalictrum fendleri,,1904
495,Thalictrum pubescens,,1905
1184,Thalictrum thalictroides,,1906
1468,Thelesperma filifolium,,1907
145,Thelypteris palustris,,1908
1402,Thlaspi arvense,,1909
1484,Thuidium delicatulum,,1910
1204,Thuja occidentalis,,1911
1853,Thuja plicata,,1912
292,Thunbergia alata,,1913
1403,Thymophylla pentachaeta,,1914
174,Thysanocarpus curvipes,,1915
1150,Tiarella cordifolia,,1916
540,Tiarella trifoliata,,1917
1861,Tigridia pavonia,,1918
1432,Tilia americana,,1919
423,Tillandsia fasciculata,,1920
1073,Tillandsia recurvata,,1921
81,Tillandsia usneoides,,1922
30,Tinantia anomala,,1923
1718,Tipularia discolor,,1924
1497,Tolmiea menziesii,,1925
1953,Torilis arvensis,,1926
412,Toxicodendron diversilobum,,1927
293,Toxicodendron radicans,,1928
917,Toxicodendron radicans radicans,,1929
291,Toxicodendron rydbergii,,1930
1393,Toxicodendron vernix,,1931
102,Toxicoscordion fremontii,,1932
1415,Tradescantia fluminensis,,1933
1416,Tradescantia ohiensis,,1934
1506,Tradescantia pallida,,1935
1010,Tradescantia virginiana,,1936
1335,Tragopogon dubius,,1937
1227,Tragopogon porrifolius,,1938
1418,Tragopogon pratensis,,1939
1419,Triadica sebifera,,1940
1749,Tribulus terrestris,,1941
947,Trichostema dichotomum,,1942
2021,Trichostema lanatum,,1943
1442,Trichostema lanceolatum,,1944
1439,Tridens flavus,,1945
179,Trientalis borealis,,1946
1422,Trientalis latifolia,,1947
1424,Trifolium arvense,,1948
1425,Trifolium aureum,,1949
2025,Trifolium campestre,,1950
1023,Trifolium dubium,,1951
2026,Trifolium hirtum,,1952
1107,Trifolium hybridum,,1953
1755,Trifolium incarnatum,,1954
605,Trifolium pratense,,1955
1716,Trifolium repens,,1956
452,Trifolium willdenovii,,1957
1524,Trillium cernuum,,1958
357,Trillium chloropetalum,,1959
177,Trillium cuneatum,,1960
372,Trillium erectum,,1961
1556,Trillium grandiflorum,,1962
595,Trillium ovatum,,1963
790,Trillium recurvatum,,1964
351,Trillium sessile,,1965
505,Trillium undulatum,,1966
171,Triodanis perfoliata,,1967
347,Triphysaria eriantha,,1968
869,Tripsacum dactyloides,,1969
389,Triteleia hyacinthina,,1970
673,Triteleia ixioides,,1971
414,Triteleia laxa,,1972
1279,Tropaeolum majus,,1973
1971,Tsuga canadensis,,1974
1854,Tsuga heterophylla,,1975
1810,Tsuga mertensiana,,1976
306,Tussilago farfara,,1977
664,Typha angustifolia,,1978
560,Typha domingensis,,1979
1961,Typha latifolia,,1980
1451,Typha orientalis,,1981
571,Ulex europaeus,,1982
517,Ulmus alata,,1983
1089,Ulmus americana,,1984
453,Ulmus crassifolia,,1985
1436,Ulmus rubra,,1986
711,Ulva lactuca,,1987
1043,Umbellularia californica,,1988
1550,Ungnadia speciosa,,1989
779,Uniola paniculata,,1990
352,Uropappus lindleyi,,1991
1,Urtica dioica,,1992
1659,Urtica ferox,,1993
1024,Urtica urens,,1994
1327,Uvularia grandiflora,,1995
1127,Uvularia perfoliata,,1996
491,Uvularia sessilifolia,,1997
577,Vaccinium angustifolium,,1998
837,Vaccinium corymbosum,,1999
1421,Vaccinium macrocarpon,,2000
1018,Vaccinium myrtillus,,2001
1874,Vaccinium ovatum,,2002
867,Vaccinium oxycoccos,,2003
471,Vaccinium parvifolium,,2004
1869,Vaccinium uliginosum,,2005
1813,Vaccinium vitis-idaea,,2006
1448,Valeriana sitchensis,,2007
210,Valerianella radiata,,2008
717,Veratrum californicum,,2009
1449,Veratrum viride,,2010
361,Verbascum blattaria,,2011
2076,Verbascum thapsus,,2012
1713,Verbascum virgatum,,2013
1450,Verbena bonariensis,,2014
1464,Verbena brasiliensis,,2015
1574,Verbena halei,,2016
650,Verbena hastata,,2017
883,Verbena lasiostachys,,2018
1852,Verbena officinalis,,2019
1498,Verbena stricta,,2020
1590,Verbena urticifolia,,2021
28,Verbesina alternifolia,,2022
392,Verbesina encelioides,,2023
1308,Verbesina virginica,,2024
1832,Vernonia baldwinii,,2025
1304,Vernonia missurica,,2026
884,Veronica americana,,2027
111,Veronica anagallis-aquatica,,2028
1645,Veronica arvensis,,2029
535,Veronica chamaedrys,,2030
1523,Veronica officinalis,,2031
1613,Veronica persica,,2032
1360,Veronica salicifolia,,2033
1646,Veronica serpyllifolia,,2034
547,Veronicastrum virginicum,,2035
1960,Viburnum acerifolium,,2036
64,Viburnum dentatum,,2037
1140,Viburnum lantanoides,,2038
1723,Viburnum opulus,,2039
344,Viburnum prunifolium,,2040
2068,Viburnum rufidulum,,2041
1027,Vicia americana,,2042
750,Vicia cracca,,2043
1029,Vicia sativa,,2044
2093,Vicia villosa,,2045
1030,Vinca major,,2046
1682,Vinca minor,,2047
96,Viola adunca,,2048
1653,Viola arvensis,,2049
57,Viola bicolor,,2050
1106,Viola canadensis,,2051
1380,Viola glabella,,2052
1609,Viola hastata,,2053
1099,Viola ocellata,,2054
1875,Viola odorata,,2055
875,Viola pedata,,2056
358,Viola pedunculata,,2057
209,Viola pubescens,,2058
1193,Viola purpurea,,2059
851,Viola rostrata,,2060
1899,Viola rotundifolia,,2061
1538,Viola sempervirens,,2062
208,Viola sororia,,2063
935,Viola striata,,2064
1706,Viola tricolor,,2065
32,Viscum album,,2066
1597,Vitex agnus-castus,,2067
512,Vitex lucens,,2068
1638,Vitis californica,,2069
811,Vitis mustangensis,,2070
1287,Vitis riparia,,2071
859,Vitis rotundifolia,,2072
1539,Washingtonia filifera,,2073
1457,Washingtonia robusta,,2074
1080,Weinmannia racemosa,,2075
1095,Wisteria sinensis,,2076
557,Woodwardia areolata,,2077
818,Woodwardia fimbriata,,2078
1134,Wyethia angustifolia,,2079
1993,Wyethia glabra,,2080
1141,Wyethia mollis,,2081
127,Xanthium strumarium,,2082
480,Xerophyllum tenax,,2083
1033,Youngia japonica,,2084
1626,Yucca arkansana,,2085
1730,Yucca baccata,,2086
1728,Yucca brevifolia,,2087
1627,Yucca elata,,2088
2006,Yucca filamentosa,,2089
1004,Yucca filifera,,2090
561,Yucca rupicola,,2091
635,Yucca schidigera,,2092
1640,Yucca treculeana,,2093
1736,Zantedeschia aethiopica,,2094
1427,Zanthoxylum americanum,,2095
1791,Zanthoxylum clava-herculis,,2096
953,Zea mays,,2097
1499,Zinnia peruviana,,2098
269,Zizia aurea,,2099
795,Zostera marina,,2100
2101,background,,2101